{"cameraMode":{"drawMode":0,"name":"Shaded","section":"Shading Mode"},"sceneLighting":false,"audioPlay":false,"sceneViewState":{"m_AlwaysRefresh":false,"showFog":true,"showSkybox":false,"showFlares":true,"showImageEffects":true,"showParticleSystems":true,"showVisualEffectGraphs":true,"m_FxEnabled":true},"in2DMode":false,"pivot":{"x":0.37342706322669985,"y":-2.550916910171509,"z":4.630824089050293},"rotation":{"x":-0.24373240768909455,"y":0.02386072836816311,"z":-0.005950470920652151,"w":-0.9694413542747498},"size":3.621767520904541,"orthographic":false}