{"cameraMode":{"drawMode":0,"name":"Shaded","section":"Shading Mode"},"sceneLighting":false,"audioPlay":false,"sceneViewState":{"m_AlwaysRefresh":false,"showFog":true,"showSkybox":false,"showFlares":true,"showImageEffects":true,"showParticleSystems":true,"showVisualEffectGraphs":true,"m_FxEnabled":true},"in2DMode":false,"pivot":{"x":0.2225509136915207,"y":0.04941767454147339,"z":0.8040850162506104},"rotation":{"x":-0.04828415811061859,"y":0.012581284157931805,"z":-0.0006002670852467418,"w":-0.9987067580223084},"size":2.57820200920105,"orthographic":true}